label,confidence,x1,y1,x2,y2
car,0.889798104763031,104.69701385498047,3.2680585384368896,197.1228485107422,54.82533264160156
car,0.886039674282074,192.35643005371094,54.62688446044922,283.678955078125,118.30287170410156
car,0.8837766051292419,6.657279014587402,53.23093032836914,87.65555572509766,120.27520751953125
car,0.8817136883735657,1.3395715951919556,116.24567413330078,100.3685302734375,173.03965759277344
car,0.8755350112915039,96.74455261230469,58.19611358642578,188.7752227783203,110.85142517089844
car,0.872397780418396,196.90673828125,114.34305572509766,273.74981689453125,176.6460723876953
car,0.8631532788276672,102.69498443603516,119.47183227539062,188.85986328125,171.7734375
car,0.8591858744621277,2.54364013671875,1.2485902309417725,106.06123352050781,56.20267868041992
car,0.8397819399833679,195.35079956054688,4.580315589904785,282.29827880859375,49.87664794921875
