label,confidence,x1,y1,x2,y2
bike,0.890217661857605,204.18971252441406,65.40465545654297,297.4649353027344,112.24225616455078
bike,0.87772536277771,3.785240411758423,63.770015716552734,99.85287475585938,111.4546127319336
bike,0.8742856383323669,2.1993541717529297,118.56681823730469,104.90235137939453,165.15309143066406
bike,0.8634986877441406,202.84268188476562,116.6592788696289,299.3518371582031,164.79122924804688
bike,0.8559383749961853,203.17556762695312,6.566898345947266,298.0608825683594,56.61332702636719
bike,0.8503507375717163,103.79503631591797,7.5933637619018555,196.81044006347656,57.84490966796875
bike,0.8408326506614685,106.7818603515625,118.49380493164062,200.40374755859375,165.4134979248047
bike,0.8216213583946228,2.5497219562530518,10.269841194152832,100.04999542236328,56.81122970581055
