label,confidence,x1,y1,x2,y2
bike,0.8432838916778564,29.628829956054688,48.52192687988281,221.56582641601562,179.38389587402344
