label,confidence,x1,y1,x2,y2
bike,0.814179539680481,16.360797882080078,79.30000305175781,184.7104034423828,205.85348510742188
